<?xml version="1.0" encoding="utf-8"?>
<productAdditionalComps>
   <dependsOn>
      <component>
         <name>VocPlayer</name>
         <locale/>
         <platformList>
            <platform>maca64</platform>
         </platformList>
         <version>1.0</version>
      </component>
   </dependsOn>
   <isControllingProduct>true</isControllingProduct>
   <platform>maca64</platform>
   <productName>VocPlayer</productName>
   <productNumber>5000</productNumber>
   <productBaseCode>VocPlayer</productBaseCode>
   <productVersion>1.0</productVersion>
   <releaseFamily>R2023b</releaseFamily>
   <releaseDescription>R2023b</releaseDescription>
</productAdditionalComps>