<?xml version="1.0" encoding="utf-8"?>
<ApplicationInstallerManifest>
   <DefaultInstallationDirectory>/Applications/Developing_Systems_Lab/VocPlayer/</DefaultInstallationDirectory>
   <ApplicationName>VocPlayer</ApplicationName>
   <ExecutableName>application/VocPlayer.exe</ExecutableName>
   <GUID>25457ba2-bec2-426a-8b97-f0b310053d9f</GUID>
   <ApplicationIcon>default_icon_48.png</ApplicationIcon>
   <Logo>default_logo.png</Logo>
   <Version>1.0</Version>
   <AuthorOrganization>Developing Systems Lab</AuthorOrganization>
   <WelcomePanelText>VocPlayer 1.0
Manash Sahoo</WelcomePanelText>
   <MCRProducts>
      <MCRProduct>
         <ExternalProductIdentifier>35000</ExternalProductIdentifier>
      </MCRProduct>
      <MCRProduct>
         <ExternalProductIdentifier>35002</ExternalProductIdentifier>
      </MCRProduct>
      <MCRProduct>
         <ExternalProductIdentifier>35003</ExternalProductIdentifier>
      </MCRProduct>
      <MCRProduct>
         <ExternalProductIdentifier>35010</ExternalProductIdentifier>
      </MCRProduct>
   </MCRProducts>
</ApplicationInstallerManifest>